id,journal,article_id,pubmed_id,sentence_id,geneids1,mention1,type1,geneids2,mention2,type2,sentence_id,highlight,probability,context
"186596","PLOS","journal.pone.0059896","23536892","SENT689","653509","SP-A","Gene","7099","TLR4","Gene","SENT689","false","0.858","p | osone.org #SP-A# Modifies #TLR4# Trafficking"
"187017","PLOS","journal.pone.0082680","24312669","SENT194","8685","MARCO","Gene","653509","SP-A","Gene","SENT194","false","0.937","Figure 3 demonstrates that purified #SP-A# binds to both macrophage scavenger receptor A I and II (SRA I and II) as well as to the macrophage receptor with collagenous structure (#MARCO#)."
"190347","PLOS","journal.pone.0063990","23700442","SENT598","653509","SP-A","Gene","7097","TLR2","Gene","SENT598","false","0.737","In macrophages (a key effector cell for infection-induced preterm labor), suppression of inﬂammation by #SP-A# is not due to sequestration of stimulating ligand by SP-A, is accompanied by decreased degradation of IKBOC, and is #TLR2# dependent."
"190603","PLOS","journal.pone.0074412","24098648","SENT559","653509","SP-A","Gene","6441","SP-D","Gene","SENT559","false","0.771","The similar functions and the resemblance in the distribution patterns of the two systems — the collectin-type SP5 and the human B-defensins, especially at anatomical-physiological barriers in different tissues, underlines the possible importance of #SP-A# and #SP-D# as players in innate immunity at the BBB."
"191586","PLOS","journal.pone.0040775","22802970","SENT316","653509","SP-A","Gene","6441","SP-D","Gene","SENT316","false","0.837","Modulation of #SP-A# — and #SP-D# — mediated macrophage association of mNPs by surfactant lipids."
"192761","PLOS","journal.pone.0076036","24086682","SENT288","653509","SP-A","Gene","6439","SP-B","Gene","SENT288","false","0.737","#SP-A# and #SP-B# proteins were expressed in immortalized AEC II."
"199200","PLOS","journal.pone.0082680","24312669","SENT243","8685","MARCO","Gene","653509","SP-A","Gene","SENT243","false","0.904","#SP-A# binds flagellin directly and enhances its phagocytosis, likely via enhancing the interactions with SRA and #MARCO#."
"200815","PLOS","journal.pone.0059896","23536892","SENT191","653509","SP-A","Gene","7099","TLR4","Gene","SENT191","false","0.902","To determine whether #SP-A# directly interacts with #TLR4#, additional confocal microscopy was performed using Alexa Fluor 555-labeled SP-A."
"201734","PLOS","journal.pone.0082680","24312669","SENT194","653509","SP-A","Gene","10011","SRA","Gene","SENT194","false","0.888","Figure 3 demonstrates that purified #SP-A# binds to both macrophage scavenger receptor A I and II (#SRA# I and II) as well as to the macrophage receptor with collagenous structure (MARCO)."
"204225","PLOS","journal.pone.0082680","24312669","SENT331","929","CD14","Gene","653509","SP-A","Gene","SENT331","false","0.85","#SP-A# binds several phagocytic receptors including #CD14#, complement receptor 3 and scavenger receptor [22, 25, 35] that may provide an entry point for SP-A opsonized flagella into the phagosome."
"204298","PLOS","journal.pone.0059896","23536892","SENT87","653509","SP-A","Gene","7099","TLR4","Gene","SENT87","false","0.904","In this study, we demonstrate that #SP-A# affects the spatiotemporal compartmentalization and signaling of LPS-induced #TLR4# in primary AM."
"204571","PLOS","journal.pone.0064441","23691218","SENT40","653509","SP-A","Gene","6441","SP-D","Gene","SENT40","false","0.893","It seems therefore likely that DMBT1 proteins also contribute to innate defense against bacteria and viruses in the gastrointestinal and respiratory tracts through direct interactions with microorganisms and / or through interactions with #SP-A# or #SP-D#."
"205714","PLOS","journal.pone.0074412","24098648","SENT50","653509","SP-A","Gene","6441","SP-D","Gene","SENT50","false","0.858","#SP-A# and #SP-D# are also part of the first line of defense against viral and fungal invaders [15, 16]."
"206378","PLOS","journal.pone.0040775","22802970","SENT357","653509","SP-A","Gene","6441","SP-D","Gene","SENT357","false","0.882","Thus, whereas #SP-A# might preferably bind lipophilic patterns, #SP-D# might interact with more polar substrates [17]."
"206678","PLOS","journal.pone.0040775","22802970","SENT357","653509","SP-A","Gene","6441","SP-D","Gene","SENT357","false","0.886","Thus, whereas #SP-A# might preferably bind lipophilic patterns, #SP-D# might interact with more polar substrates [17]."
"207324","PLOS","journal.pone.0040775","22802970","SENT72","653509","SP-A","Gene","6441","SP-D","Gene","SENT72","false","0.844","Further, we analyzed the binding of #SP-A# and #SP-D# to various modiﬁed nanoparticles and their impact on colloidal stability."
"207812","PLOS","journal.pone.0040775","22802970","SENT219","653509","SP-A","Gene","6441","SP-D","Gene","SENT219","false","0.877","Adsorption of #SP-A# and #SP-D# to nanoparticles as affected by particle coating and hydrophobicity."
"209185","PLOS","journal.pone.0059896","23536892","SENT615","653509","SP-A","Gene","7099","TLR4","Gene","SENT615","false","0.863","These data differ from a previous study demonstrating binding of #SP-A# to the recombinant extracellular domain of #TLR4# employing microtiter binding assays and surface plasmon resonance analysis [15]."
"213715","PLOS","journal.pone.0047789","23094088","SENT42","653509","SP-A","Gene","6441","SP-D","Gene","SENT42","false","0.85","In contrast to #SP-A# and #SP-D#, the small and extremely hydrophobic surfactant proteins SP-B and SP-C are essential components during formation of surfactant monolayers and the stabilization of air-ﬂuid interfaces [l, l3, l4]."
"214797","PLOS","journal.pone.0059896","23536892","SENT693","653509","SP-A","Gene","7099","TLR4","Gene","SENT693","false","0.845","In conclusion, this study demonstrates that #SP-A# modulates the spatiotemporal compartmentalization and signalling of LPSinduced #TLR4# in vitra and in viva engaging B-arrestin 2."
"215136","PLOS","journal.pone.0074412","24098648","SENT49","653509","SP-A","Gene","6441","SP-D","Gene","SENT49","false","0.855","While #SP-A# is upregulated in human alveolar epithelial cells after LPS exposure [11], #SP-D# mediates phagocytosis of Pseudomonas aeruginosa, Haemap/zilus irﬂuenzae and Klebsiella [meumoniae [12, 13, 14]."
"215596","PLOS","journal.pone.0047789","23094088","SENT41","653509","SP-A","Gene","6441","SP-D","Gene","SENT41","false","0.854","The presence of #SP-A# and #SP-D# with regard to their immunological function has been conﬁrmed in various tissues, including human nasal mucosa, the digestive tract, tear ducts, salivary glands of the head and the gingiva [8 — l2]."
"215709","PLOS","journal.pone.0059047","23527085","SENT832","653509","SP-A","Gene","6441","SP-D","Gene","SENT832","false","0.772","As with the result for CVN binding, these results indicate that #SP-A# and #SP-D# bind to gpl20 in different ways."
"217729","PLOS","journal.pone.0082680","24312669","SENT311","8685","MARCO","Gene","653509","SP-A","Gene","SENT311","false","0.848","Our current studies confirm that #SP-A# can mediate binding to the scavenger receptors SRAI, SRAII and #MARCO# (Figure 3)."
"218110","PLOS","journal.pone.0074412","24098648","SENT587","653509","SP-A","Gene","6441","SP-D","Gene","SENT587","false","0.843","It has been shown that #SP-A# and #SP-D# are effective opsonins for apoptotic cells."
"219819","PLOS","journal.pone.0027091","22069491","SENT54","653509","SP-A","Gene","6441","SP-D","Gene","SENT54","false","0.717","The lung immune defense functions of surfactant are primarily mediated by #SP-A# and #SP-D#, which are members of the collectin family of proteins [2, 6, 8]."
"221112","PLOS","journal.pone.0040775","22802970","SENT414","653509","SP-A","Gene","6441","SP-D","Gene","SENT414","false","0.805","Additionally, surfactant lipid membranes composed of DPPC / POPG / PA and NS - preparations were also shown to modulate the effects exerted by #SP-A# or #SP-D# only (Fig."
"221545","PLOS","journal.pone.0040775","22802970","SENT250","653509","SP-A","Gene","6441","SP-D","Gene","SENT250","false","0.811","Influence of #SP-A# or #SP-D# on colloidal stability of nanoparticles."
"223828","PLOS","journal.pone.0059896","23536892","SENT383","653509","SP-A","Gene","7099","TLR4","Gene","SENT383","false","0.817","cells with #SP-A# alone also enhanced B-arrestin 2 / #TLR4# interaction, and further increased B-arrestin 2 / TLR4 association when added to the cells 15 min prior to LPS (p < 0.05 and p < o. ool) (Fig."
"224264","PLOS","journal.pone.0051050","23236429","SENT89","83666","BAL","Gene","653509","SP-A","Gene","SENT89","false","0.701","The inter-run reproducibility of the separation of #SP-A# by the gel chromatography and determination of SP-A concentration by slotblot was assessed in four serum and 2 #BAL# samples of 5 different individuals by repeated analysis at intervals of four weeks."
"224343","PLOS","journal.pone.0059896","23536892","SENT621","653509","SP-A","Gene","7099","TLR4","Gene","SENT621","false","0.822","In the present study, confocal analysis show that pretreatment of primary AM with #SP-A# prior to LPS almost completely abolishes the LPS-induced #TLR4#/EEA1 positioning and promotes the co-localization of TLR4 with the post-Golgi compartment."
"224409","PLOS","journal.pone.0069297","23894445","SENT298","653509","SP-A","Gene","7080","TTF-1","Gene","SENT298","false","0.758","A Expression is ' | ' | ' F — 1 Dependent in Type — | | AECs As described above, the gene expression of #SP-A# was regulated by #TTF-1# and leptin in pulmonary epithelial cells."
"226554","PLOS","journal.pbio.0060266","19007302","SENT68","653509","SP-A","Gene","6441","SP-D","Gene","SENT68","false","0.816","Different from #SP-A#, the oligomerization of #SP-D# results in the burial of the tail domains while the head domains are exposed."
"228259","PLOS","journal.pone.0059896","23536892","SENT605","653509","SP-A","Gene","7099","TLR4","Gene","SENT605","false","0.813","In this study, we demonstrate that #SP-A# inhibits LPS-induced #TLR4# signaling by modulating TLR4 trafﬁcking in primary AM."
"228351","PLOS","journal.pone.0032436","22384248","SENT519","653509","SP-A","Gene","6441","SP-D","Gene","SENT519","false","0.813","p | osone.org et al showed increases in both #SP-A# and #SP-D# acutely in an Ova model [29]."
"230271","PLOS","journal.pone.0082680","24312669","SENT204","8685","MARCO","Gene","653509","SP-A","Gene","SENT204","false","0.808","FITC-labeled #SP-A# was incubated with immobilized bovine serum albumin (BSA) or purified SRA-I, SRA-ll, or #MARCO#."
"231198","PLOS","journal.pone.0053705","23349731","SENT457","653509","SP-A","Gene","6441","SP-D","Gene","SENT457","false","0.805","Lemos et al. (2011) demonstrated that #SP-A# and #SP-D# are not obligatory components in the immune response in mice [50]."
"231842","PLOS","journal.pone.0059896","23536892","SENT639","653509","SP-A","Gene","7099","TLR4","Gene","SENT639","false","0.806","Therefore it is possible that #SP-A# modiﬁes #TLR4# distribution via Rab7b and / or Rab7 and that redundancies in this regulation exist."
"234160","PLOS","journal.pone.0082680","24312669","SENT243","653509","SP-A","Gene","10011","SRA","Gene","SENT243","false","0.8","#SP-A# binds flagellin directly and enhances its phagocytosis, likely via enhancing the interactions with #SRA# and MARCO."
"234531","PLOS","journal.pone.0069297","23894445","SENT48","653509","SP-A","Gene","7080","TTF-1","Gene","SENT48","false","0.805","The expression of #SP-A# is regulated by thyroid transcription factor-1 (#TTF-1#), which affects morphogenesis and development of the lungs during early embryogenesis and at later stages of pregnancy [27, 28]."
"234597","PLOS","journal.pone.0102395","25036364","SENT643","653509","SP-A","Gene","6441","SP-D","Gene","SENT643","false","0.799","Kishore U, Greenhough TJ, Wlaters P, Shrive AK, Ghai R, et al. (2006) Surfactant proteins #SP-A# and #SP-D#: structure, function and receptors."
"236573","PLOS","journal.pone.0085046","24391984","SENT502","83666","BAL","Gene","653509","SP-A","Gene","SENT502","false","0.796","A similar response has been reported earlier for another surfactant protein, #SP-A#, in regulating chemotaxis of inflammatory #BAL# neutrophils while peripheral neutrophils were unresponsive to SP-A towards"
"237076","PLOS","journal.pone.0042419","22879974","SENT240","653509","SP-A","Gene","6441","SP-D","Gene","SENT240","false","0.791","However, in the present study, we did not consider this self-defense function by #SP-A# and #SP-D#."
"237438","PLOS","journal.pone.0069297","23894445","SENT299","653509","SP-A","Gene","7080","TTF-1","Gene","SENT299","false","0.791","Therefore, with regard to the positive effect of leptin on #TTF-1#, we hypothesized that upregulation of #SP-A# expression induced by leptin is associated with TTF-1."
"237588","PLOS","journal.pone.0059896","23536892","SENT622","653509","SP-A","Gene","7099","TLR4","Gene","SENT622","false","0.783","These data suggest that #SP-A# may either decelerate the LPS-induced transport of #TLR4# from the Golgi to the plasma membrane or accelerate the retrograde transport of TLR4 from endosomes to the Golgi."
"239926","PLOS","journal.pone.0074412","24098648","SENT588","653509","SP-A","Gene","6441","SP-D","Gene","SENT588","false","0.786","Like mannose-binding lectin (MBL) and the complement factor Clq, #SP-A# and #SP-D# label cells that have undergone programmed cell death for macrophages to facilitate their phagocytosis [55, 56]."
"240104","PLOS","journal.pone.0085046","24391984","SENT602","653509","SP-A","Gene","6441","SP-D","Gene","SENT602","false","0.783","Nayak A, Dodagatta-Marri E, Tsolaki AG, Kishore U (2012) An insight into the diverse roles of surfactant proteins, #SP-A# and #SP-D# in innate and adaptive immunity."
"241296","PLOS","journal.pone.0032436","22384248","SENT191","3567","IL-5","Gene","653509","SP-A","Gene","SENT191","false","0.785","To determine if #SP-A# regulates eosinophil activation to Mp infection in the allergic mice, markers of eosinophils, such as #IL-5# and eosinophil associated ribonuclease (EAR), were analyzed by RTPCR."
"242525","PLOS","journal.pone.0059896","23536892","SENT190","653509","SP-A","Gene","7099","TLR4","Gene","SENT190","false","0.787","Treatment of the mice with #SP-A# plus LPS inhibited #TLR4# staining after 30 min (p < 0.05)."
"243045","PLOS","journal.pone.0074412","24098648","SENT552","653509","SP-A","Gene","6441","SP-D","Gene","SENT552","false","0.778","Considering our ﬁndings and the well-known functions of #SP-A# and SPD, we hypothesize that SP-A and #SP-D# are pathogen-binding proteins that prevent the invasion of the CNS by microbial invaders circulating with the blood stream."
"245072","PLOS","journal.pone.0059896","23536892","SENT383","653509","SP-A","Gene","7099","TLR4","Gene","SENT383","false","0.781","cells with #SP-A# alone also enhanced B-arrestin 2 / #TLR4# interaction, and further increased B-arrestin 2 / TLR4 association when added to the cells 15 min prior to LPS (p < 0.05 and p < o. ool) (Fig."
"246345","PLOS","journal.pone.0063990","23700442","SENT554","653509","SP-A","Gene","7097","TLR2","Gene","SENT554","false","0.771","Thus, the anti-inﬂammatory effect of #SP-A# is mediated at least in part by #TLR2#."
"247835","PLOS","journal.pone.0063990","23700442","SENT552","653509","SP-A","Gene","7097","TLR2","Gene","SENT552","false","0.764","The anti-inﬂammatory effect of #SP-A# was eliminated in macrophages lacking #TLR2# (Figure 3A) but was still present in macrophages lacking TLR4 (Figure 3B)."
"248598","PLOS","journal.pone.0059896","23536892","SENT690","653509","SP-A","Gene","7099","TLR4","Gene","SENT690","false","0.764","As we have shown here, #SP-A# failed to inhibit LPS-induced TNF-or release and #TLR4# endosome positioning in [3-arrestin 2 - / _ mice indicating that B-arrestin 2 is engaged in the antiinﬂammatory effects of SP-A in viva."
"248750","PLOS","journal.pbio.0060266","19007302","SENT747","811","CRT","Gene","653509","SP-A","Gene","SENT747","false","0.775","In the original model of Gardai et al. [21], which was primarily based upon studies with #SP-A#, the association of the collectin with a pathogen was the required step to initiate #CRT# binding."
"249101","PLOS","journal.pone.0040775","22802970","SENT280","653509","SP-A","Gene","6441","SP-D","Gene","SENT280","false","0.775","In the present study, we demonstrated that the pulmonary collectins #SP-A# and #SP-D# both can signiﬁcantly trigger the interaction of nanoparticles with AM (Fig."
"250946","PLOS","journal.pone.0059896","23536892","SENT282","653509","SP-A","Gene","7099","TLR4","Gene","SENT282","false","0.767","The combined data indicate that #SP-A# modulates the subcellular positioning of #TLR4# in LPSstimulated primary rat AM."
"251150","PLOS","journal.pone.0063990","23700442","SENT547","653509","SP-A","Gene","7097","TLR2","Gene","SENT547","false","0.771","The Anti — inf | ammatory Effect of #SP-A# is Receptormediated and Requires #TLR2# To test whether the anti-inﬂammatory effect of SP-A is TLRmediated, we used peritoneal macrophages isolated from TLR2deﬁcient (KO), TLR4-KO and WT control mice (Figure 3)."
"251216","PLOS","journal.pone.0051050","23236429","SENT395","83666","BAL","Gene","653509","SP-A","Gene","SENT395","false","0.766","#SP-A# Oligomeric Structure and Function are Interconnected in Humans and Superior Functional Activity is Linked to Better Course of Lung Function The capacity of SP-A from serum and #BAL# to induce agglutination was linked to the organizational structure of naturally occurring macromolecular forms."
"251435","PLOS","journal.pone.0059896","23536892","SENT290","653509","SP-A","Gene","7099","TLR4","Gene","SENT290","false","0.754","In contrast, #SP-A# failed to inhibit the LPS — induced co-localization of #TLR4# with EEA1 in [3-arrestin 2 _ / _ AM (Fig."
"252059","PLOS","journal.pone.0059047","23527085","SENT831","30835","DC-SIGN","Gene","653509","SP-A","Gene","SENT831","false","0.763","These results are different from our previous ﬁndings with #SP-A#, which inhibits the binding of both sCD4 and #DC-SIGN# to gpl20 [28]."
"254614","PLOS","journal.pone.0040775","22802970","SENT80","653509","SP-A","Gene","6441","SP-D","Gene","SENT80","false","0.762","#SP-A# 2 ° 9 #SP-D# * 15"
"259074","PLOS","journal.pone.0040775","22802970","SENT383","653509","SP-A","Gene","6441","SP-D","Gene","SENT383","false","0.756","Nonetheless, our data corroborate that the adsorption of #SP-A# or #SP-D# to nanoparticles can occur and is largely governed by the material and therefore surface properties of the nanomaterials."
"260431","PLOS","journal.pone.0059047","23527085","SENT860","653509","SP-A","Gene","6441","SP-D","Gene","SENT860","false","0.752","It is important to remember that in an in viva setting both #SP-A# and #SP-D# are present in the lung and the vaginal mucosa and ﬂuid [23, 57] and any HIV particles would probably be interacting with both collectins."
"266373","PLOS","journal.pone.0024019","21887364","SENT367","653509","SP-A","Gene","6441","SP-D","Gene","SENT367","false","0.742","In humans, four surfactant proteins have been identiﬁed: #SP-A#, SP-B, SP-C, and #SP-D#."
"266495","PLOS","journal.pone.0059896","23536892","SENT623","653509","SP-A","Gene","7099","TLR4","Gene","SENT623","false","0.745","Since #TLR4# is unable to transduce signaling from the Golgi compartment, the data strongly suggest that #SP-A# modiﬁes TLR4 signaling via modulating TLR4 localization."
"268126","PLOS","journal.pone.0063990","23700442","SENT599","653509","SP-A","Gene","7097","TLR2","Gene","SENT599","false","0.73","Other studies also report that the mechanism for inhibition of PGN-induced cellular responses by #SP-A# involves interaction of SP-A with #TLR2# [32]."
"269911","PLOS","journal.pone.0040775","22802970","SENT384","653509","SP-A","Gene","6441","SP-D","Gene","SENT384","false","0.702","Moreover, we provide evidence that #SP-A# or #SP-D# can each have a striking impact on the macrophage clearance of nanoparticles."
"271560","PLOS","journal.pone.0059896","23536892","SENT280","653509","SP-A","Gene","7099","TLR4","Gene","SENT280","false","0.736","Pretreatment of AM with #SP-A# (40 pg/ml, l5 min) prior to LPS (loo ng/ml, 5 min) abolished (p < 0.05) the LPS — induced co-localization of #TLR4# with EEA1 (Fig."
"274136","PLOS","journal.pone.0059896","23536892","SENT278","653509","SP-A","Gene","7099","TLR4","Gene","SENT278","false","0.732","The role of #SP-A# in LPS — induced subcellular positioning of #TLR4# was subsequently analyzed after treatment of the cells with SP-A, or SP-A plus LPS (Fig."
"276560","PLOS","journal.pone.0051050","23236429","SENT89","83666","BAL","Gene","653509","SP-A","Gene","SENT89","false","0.73","The inter-run reproducibility of the separation of #SP-A# by the gel chromatography and determination of SP-A concentration by slotblot was assessed in four serum and 2 #BAL# samples of 5 different individuals by repeated analysis at intervals of four weeks."
"277631","PLOS","journal.pone.0027091","22069491","SENT55","653509","SP-A","Gene","6441","SP-D","Gene","SENT55","false","0.721","Severe depletion of #SP-A# and #SP-D# has been associated with several respiratory diseases including bacterial pneumonia, adult respiratory distress syndrome, and cystic ﬁbrosis (CF) [9 — 14]."
"278404","PLOS","journal.pone.0040775","22802970","SENT234","653509","SP-A","Gene","6441","SP-D","Gene","SENT234","false","0.729","Consequently, we also tested the DPPC / POPG / PA vesicles supplemented with either #SP-A# or #SP-D#, which resulted in physiological lipid-protein ratios (Fig."
"281413","PLOS","journal.pone.0059896","23536892","SENT227","653509","SP-A","Gene","7099","TLR4","Gene","SENT227","false","0.721","#SP-A# inhibits LPS-enhanced #TLR4# expression in AM."
"283918","PLOS","journal.pone.0059047","23527085","SENT832","653509","SP-A","Gene","6441","SP-D","Gene","SENT832","false","0.722","As with the result for CVN binding, these results indicate that #SP-A# and #SP-D# bind to gpl20 in different ways."
"287865","PLOS","journal.pone.0040775","22802970","SENT383","653509","SP-A","Gene","6441","SP-D","Gene","SENT383","false","0.716","Nonetheless, our data corroborate that the adsorption of #SP-A# or #SP-D# to nanoparticles can occur and is largely governed by the material and therefore surface properties of the nanomaterials."
"289179","PLOS","journal.pone.0053705","23349731","SENT612","653509","SP-A","Gene","6439","SP-B","Gene","SENT612","false","0.716","Kobayashi T, Nitta K, Takahashi R, Kurashima K, Robertson B, et al. (1991) Activity of pulmonary surfactant after blocking the associated proteins #SP-A# and #SP-B#."
"289474","PLOS","journal.pone.0051050","23236429","SENT389","83666","BAL","Gene","653509","SP-A","Gene","SENT389","false","0.704","For the first time we determined the #SP-A# oligomeric pattern in serum, in order to have a more convenient way of assessment than #BAL#."
"291982","PLOS","journal.pone.0053705","23349731","SENT467","653509","SP-A","Gene","6439","SP-B","Gene","SENT467","false","0.71","It is known in this context that #SP-A# enhances the surface-regulatory properties of #SP-B# by way of interaction with SP-B [55]."
"294017","PLOS","journal.pone.0059896","23536892","SENT634","653509","SP-A","Gene","7099","TLR4","Gene","SENT634","false","0.709","Together the ﬁndings suggest that #SP-A# participates in #TLR4# signaling pathways by regulating TLR4 distribution via B-arrestin 2."
"298833","PLOS","journal.pone.0063990","23700442","SENT599","653509","SP-A","Gene","7097","TLR2","Gene","SENT599","false","0.706","Other studies also report that the mechanism for inhibition of PGN-induced cellular responses by #SP-A# involves interaction of SP-A with #TLR2# [32]."
"299101","PLOS","journal.pone.0040775","22802970","SENT66","653509","SP-A","Gene","6441","SP-D","Gene","SENT66","false","0.703","However, the pulmonary collectins #SP-A# (630 kD) and #SP-D# (520 kD) are of exceeding interest for bio-nano interactions because they fulﬁll important immunological functions by acting as opsonins and scavenger molecules [16]."
"300546","PLOS","journal.pone.0047789","23094088","SENT41","653509","SP-A","Gene","6441","SP-D","Gene","SENT41","false","0.704","The presence of #SP-A# and #SP-D# with regard to their immunological function has been conﬁrmed in various tissues, including human nasal mucosa, the digestive tract, tear ducts, salivary glands of the head and the gingiva [8 — l2]."
"303268","PLOS","journal.pone.0051050","23236429","SENT55","83666","BAL","Gene","653509","SP-A","Gene","SENT55","false","0.704","Currently, there are no data available on macromolecular organization of #SP-A# in #BAL# and its potential functional role in CF airway disease."
"305824","PLOS","journal.pone.0047789","23094088","SENT38","653509","SP-A","Gene","6441","SP-D","Gene","SENT38","false","0.703","#SP-A# and #SP-D# are representatives of the C-type lectin family, in which other molecules with immunological properties can also be included."
"1511718","PMC","Front_Immunol_2012_Jun_7_3_131.nxml.txt.nlp","22701116","86","653509","SP-A","Gene","6441","SP-D","Gene","86","false","0.945","These opposing effects of SP-A and #SP-D# on the uptake of M. tuberculosis suggest different roles for #SP-A# and SP-D in the clearance of bacterial infection ."
"1512717","PMC","J_Biol_Chem_2010_Apr_2_285(14)_10546-10552.nxml.txt.nlp","20118239","177","5648","MASP","Gene","653509","SP-A","Gene","177","false","0.937","To allow enough space for the #MASP# to bind within the #SP-A# bouquet , changes were made five Gly-Xaa-Yaa triplets toward the C-terminal side of the kink ."
"1513178","PMC","Viruses_2013_Mar_21_5(3)_928-953.nxml.txt.nlp","23518578","251","653509","SP-A","Gene","6441","SP-D","Gene","251","false","0.934","These results demonstrated a specificity of binding between #SP-D# and VACV contrary to Influenza A Virus ( IAV ) that interacts with both #SP-A# and SP-D [ 47,58 ] ."
"1515836","PMC","J_Biol_Chem_2010_Apr_2_285(14)_10546-10552.nxml.txt.nlp","20118239","73","5648","MASP","Gene","653509","SP-A","Gene","73","false","0.917","To take these studies further , we have engineered the #MASP# - binding motif into #SP-A# , which also has a C-type lectin domain and an architecture similar to that of MBL but can not bind MASPs or activate complement ."
"1517329","PMC","Front_Immunol_2012_Jun_7_3_131.nxml.txt.nlp","22701116","407","653509","SP-A","Gene","6441","SP-D","Gene","407","false","0.909","The association of the low levels of SP-A and #SP-D# and the consequent susceptibility of the fetal membranes to bacterial challenge demonstrate the importance of #SP-A# and SP-D in immunoregulation and primary host defense against pathogens during pregnancy ."
"1522041","PMC","J_Pregnancy_2012_Nov_22_2012_839656.nxml.txt.nlp","23227338","136","653509","SP-A","Gene","7080","TTF-1","Gene","136","false","0.884","It has been proposed that #TTF-1# interacts with various cofactors and binds to TTF-1 binding elements ( TBEs ) expressed on the promoter region of #SP-A# , - B , and - C gene constructs ( Figure 3 ) [ 120-122 ] ."
"1523518","PMC","J_Biol_Chem_2010_Apr_2_285(14)_10546-10552.nxml.txt.nlp","20118239","74","5648","MASP","Gene","653509","SP-A","Gene","74","false","0.877","We find that #MASP# binding , comparable with that by MBL , can be engineered through just three amino acid substitutions to the collagenous domain of #SP-A# ."
"1533674","PMC","Front_Immunol_2012_Jun_7_3_131.nxml.txt.nlp","22701116","190","653509","SP-A","Gene","6441","SP-D","Gene","190","false","0.839","#SP-D# is a potent modulator of apoptotic cell clearance in a naive lung when compared to #SP-A# ."
"1538563","PMC","J_Pregnancy_2012_Nov_22_2012_839656.nxml.txt.nlp","23227338","136","653509","SP-A","Gene","7080","TTF-1","Gene","136","false","0.824","It has been proposed that TTF-1 interacts with various cofactors and binds to #TTF-1# binding elements ( TBEs ) expressed on the promoter region of #SP-A# , - B , and - C gene constructs ( Figure 3 ) [ 120-122 ] ."
"1538774","PMC","Crit_Care_2011_Feb_10_15(1)_R57.nxml.txt.nlp","21310059","77","653509","SFTPA1","Gene","6441","SFTPD","Gene","77","false","0.824","Seven non-synonymous SNPs were genotyped across the region containing the #SFTPD# , #SFTPA1# and SFTPA2 genes ( Table 1 ) ."
"1545787","PMC","Crit_Care_2011_Feb_10_15(1)_R57.nxml.txt.nlp","21310059","177","653509","SFTPA1","Gene","6441","SFTPD","Gene","177","false","0.806","Predisposition to MODS related to #SFTPD# alleles and to SFTPD , #SFTPA1# and SFTPA2 haplotypes in patients with CAP"
"1546903","PMC","Front_Immunol_2012_Jun_7_3_131.nxml.txt.nlp","22701116","86","653509","SP-A","Gene","6441","SP-D","Gene","86","false","0.804","These opposing effects of SP-A and #SP-D# on the uptake of M. tuberculosis suggest different roles for #SP-A# and SP-D in the clearance of bacterial infection ."
"1551694","PMC","J_Biol_Chem_2010_Apr_2_285(14)_10546-10552.nxml.txt.nlp","20118239","252","5648","MASP","Gene","653509","SP-A","Gene","252","false","0.793","Furthermore , large structural changes ( through removal of the kink ) do not affect #MASP# activation by #SP-A# , which also seems incompatible with such a mechanism ."
"1568423","PMC","Biomed_Res_Int_2013_Jun_9_2013_654354.nxml.txt.nlp","23841084","124","1956","EGFR","Gene","653509","SP-A","Gene","124","false","0.764","In addition , #EGFR# was expressed mostly within the hyperplastic epithelium surrounding areas of fibrosis , as assessed by double immunohistochemistry analysis , revealing colocalization with #SP-A# ."
"1570194","PMC","J_Biol_Chem_2010_Apr_2_285(14)_10546-10552.nxml.txt.nlp","20118239","172","50639","MBL","Gene","653509","SP-A","Gene","172","false","0.761","Sequences of the collagenous domains of #MBL# ( top ) and #SP-A# ( bottom ) Sequences were crudely aligned based on the positions of the kink of SP-A and the kink-like region of MBL ( boxed ) ."
"1572247","PMC","Crit_Care_2011_Feb_10_15(1)_R57.nxml.txt.nlp","21310059","82","653509","SFTPA1","Gene","6441","SFTPD","Gene","82","false","0.758","Comparison of SNPs from #SFTPD# , #SFTPA1# and SFTPA2 between patients with CAP and controls"
"1575608","PMC","Front_Immunol_2012_Jun_7_3_131.nxml.txt.nlp","22701116","290","653509","SP-A","Gene","6441","SP-D","Gene","290","false","0.753","Fujii et al. ( 2004 ) Thoracic radiotherapy 68-74 % increase in serum #SP-D# 21-26 % increase in serum #SP-A# Thoracic radiation leads to development of radiation pneumonitis in a number of cases ."
"1576837","PMC","Front_Immunol_2012_Jun_7_3_131.nxml.txt.nlp","22701116","297","653509","SP-A","Gene","6441","SP-D","Gene","297","false","0.752","Consistent with the established surfactant-related functions of SP-A and #SP-D# in the lungs , it has been speculated that #SP-A# would also facilitate the adsorption of surface-active phospholipid to the articular surface , whereas and SP-D might regulate the phospholipid homeostasis within the joint ( Kankavi , 2006 ) ."
"1581108","PMC","Biomed_Res_Int_2013_Jun_9_2013_654354.nxml.txt.nlp","23841084","96","1956","EGFR","Gene","653509","SP-A","Gene","96","false","0.746","In addition , a strong colocalization of #EGFR# and #SP-A# within alveolar epithelium surrounding areas of inflammation and fibrosis in fNSIP samples was also noted ( Figure 3 ) ."
"1582170","PMC","Front_Immunol_2012_Jun_7_3_131.nxml.txt.nlp","22701116","407","653509","SP-A","Gene","6441","SP-D","Gene","407","false","0.745","The association of the low levels of SP-A and #SP-D# and the consequent susceptibility of the fetal membranes to bacterial challenge demonstrate the importance of #SP-A# and SP-D in immunoregulation and primary host defense against pathogens during pregnancy ."
"1585036","PMC","Crit_Care_2011_Feb_10_15(1)_R57.nxml.txt.nlp","21310059","253","653509","SFTPA1","Gene","6441","SFTPD","Gene","253","false","0.741","It was previously reported that the #SFTPD# aa11 SNP is in LD with #SFTPA1# and SFTPA2 [ 25 ] ."
"1586287","PMC","J_Biol_Chem_2010_Apr_2_285(14)_10546-10552.nxml.txt.nlp","20118239","107","50639","MBL","Gene","653509","SP-A","Gene","107","false","0.739","A 1.2-fold molar excess of #MBL# or #SP-A# was used to ensure that all of the MASP-2K was bound to the recognition molecule ."
"1595925","PMC","Crit_Care_2005_Oct_5_9(6)_550-555.nxml.txt.nlp","16356236","78","653509","SP-A","Gene","6441","SP-D","Gene","78","false","0.728","SP-A and #SP-D# can induce a proinflammatory response to RSV and influenza virus , although in SP-A knockout mice a proinflammatory response has also been noted , and so the precise role played by #SP-A# and SP-D is unclear [ 40-43 ] ."
"1597211","PMC","Crit_Care_2011_Feb_10_15(1)_R57.nxml.txt.nlp","21310059","82","653509","SFTPA1","Gene","6441","SFTPD","Gene","82","false","0.726","Comparison of SNPs from #SFTPD# , #SFTPA1# and SFTPA2 between patients with CAP and controls"
"1597499","PMC","J_Biol_Chem_2010_Apr_2_285(14)_10546-10552.nxml.txt.nlp","20118239","19","5648","MASP","Gene","653509","SP-A","Gene","19","false","0.726","Furthermore , novel complement activity is introduced concurrently with #MASP# binding in #SP-A# but is uncontrolled and occurs even in the absence of a carbohydrate target ."
"1606832","PMC","Front_Immunol_2012_Jun_7_3_131.nxml.txt.nlp","22701116","56","653509","SP-A","Gene","6441","SP-D","Gene","56","false","0.716","As with #SP-D# , #SP-A# only seems to bind rough LPS ( van Iwaarden et al. , 1994 ) , often mediating subsequent phagocytosis and killing of the bacterium ( Pikaar et al. , 1995 ) ."
"1618787","PMC","Front_Immunol_2012_Jun_7_3_131.nxml.txt.nlp","22701116","301","653509","SP-A","Gene","6441","SP-D","Gene","301","false","0.704","Thus , a 6.1 and 3.5 fold increased levels of #SP-D# and #SP-A# , respectively , have been reported in RA synovial fluid ( Kankavi , 2006 ) ."
"1623528","PMC","Biomed_Res_Int_2013_Jun_9_2013_654354.nxml.txt.nlp","23841084","65","1956","EGFR","Gene","653509","SP-A","Gene","65","false","0.7","To further analyze the cellular localization of #EGFR# expression in type I and type II alveolar epithelial cells double immunohistochemistry analysis for EGFR and #SP-A# ( SFTPA1-Abbiotec-6F10 ) was undertaken as described previously with slight modifications using En Vision double stain system protocol for paraffin - embedded tissue sections ."
"199760","PLOS","journal.pone.0059047","23527085","SENT1052","653509","SP-A","Gene","399664","Tino","Gene","SENT1052","true","0.88","#Tino# 1\/IJ, \ VrightJR (1999) Glycoprotein-340 binds surfactant protein-A (#SP-A#) and stimulates alveolar macrophage migration in an SP-A-independent manner."
"209242","PLOS","journal.pone.0059047","23527085","SENT841","653509","SP-A","Gene","6441","SP-D","Gene","SENT841","false","0.875","The agglutinating function of #SP-D# towards HIV is not unique as we have also found that #SP-A# was cable of agglutinating HIV particles under the same experimental conditions (data now shown)."
"209551","PLOS","journal.pone.0023413","21858107","SENT165","653509","SP-A","Gene","6441","SP-D","Gene","SENT165","false","0.785","#SP-D# and #SP-A# are found primarily in the respiratory tract and other mucosal surfaces and recent data suggests that they impact respiratory infections on multiple levels."
"211101","PLOS","journal.pone.0032436","22384248","SENT719","653509","SP-A","Gene","399664","Tino","Gene","SENT719","true","0.84","#Tino# 1\/IJ, \ VrightJR (1999) Glycoprotein ~ 340 binds surfactant protein » A (#SP-A#) and stimulates alveolar macrophage migration in an SP-A-independent manner."
"211204","PLOS","journal.pone.0064441","23691218","SENT462","653509","SP-A","Gene","399664","Tino","Gene","SENT462","true","0.858","#Tino# 1\/IJ, VVrightJR (1999) G1ycoprotein ~ 340 binds surfactant protein » A (#SP-A#) and stimulates alveolar macrophage migration in an SP-A-independent manner."
"214384","PLOS","journal.pone.0059896","23536892","SENT633","653509","SP-A","Gene","7099","TLR4","Gene","SENT633","false","0.838","The altered distribution of #TLR4# in AM from SPA _ / _ mice is restored by the addition of #SP-A# and this effect is largely abolished by pretreatment of the cells with B-arrestin 2 blocking peptides."
"228997","PLOS","journal.pone.0059896","23536892","SENT278","653509","SP-A","Gene","7099","TLR4","Gene","SENT278","false","0.802","The role of #SP-A# in LPS — induced subcellular positioning of #TLR4# was subsequently analyzed after treatment of the cells with SP-A, or SP-A plus LPS (Fig."
"229390","PLOS","journal.pone.0069297","23894445","SENT610","653509","SP-A","Gene","7080","TTF-1","Gene","SENT610","false","0.815","Blocking #TTF-1# expression attenuates Ieptin-mediated #SP-A# upregulation."
"233056","PLOS","journal.pone.0059896","23536892","SENT625","653509","SP-A","Gene","7099","TLR4","Gene","SENT625","false","0.796","We found that LPS induced B-arrestin 2 / #TLR4# association in primary AM in a time-dependent manner, an effect that was further enhanced by pretreatment of the cells with #SP-A#."
"233094","PLOS","journal.pone.0059047","23527085","SENT79","50639","MBL","Gene","653509","SP-A","Gene","SENT79","false","0.784","Direct interaction between #MBL# and HIV has been shown by several groups [26, 27] and we have recently shown that #SP-A# binds to HIV and inhibits infection of CD4 + cells but enhances dendritic cell-mediated viral transfer to CD4 + cells [28]."
"234480","PLOS","journal.pone.0069297","23894445","SENT302","653509","SP-A","Gene","7080","TTF-1","Gene","SENT302","false","0.794","We further evaluated the effect of shRNA targeting #TTF-1# on the expression of #SP-A# in type-II AECs."
"237401","PLOS","journal.pone.0040775","22802970","SENT266","653509","SP-A","Gene","6441","SP-D","Gene","SENT266","false","0.771","However, because NS lacks #SP-D#, we additionally tested NS formulations spiked with amounts of SP-D that were in a physiological ratio to #SP-A# (~ lo: l (w/w) SP-A to SP-D)."
"244652","PLOS","journal.pone.0023413","21858107","SENT164","653509","SP-A","Gene","6441","SP-D","Gene","SENT164","false","0.778","#SP-D# is a member of the collectin subgroup in the C-type lectin superfamily including surfactant protein A (#SP-A#) and mannose binding protein."
"248820","PLOS","journal.pone.0059896","23536892","SENT191","653509","SP-A","Gene","7099","TLR4","Gene","SENT191","false","0.776","To determine whether #SP-A# directly interacts with #TLR4#, additional confocal microscopy was performed using Alexa Fluor 555-labeled SP-A."
"251466","PLOS","journal.pone.0001370","18159253","SENT249","83666","BAL","Gene","653509","SP-A","Gene","SENT249","false","0.765","In the process of considering factors in #BAL# that might mediate #SP-A# binding to C. neoformans, immunoglobulins were selected as candidates for binding assays."
"256489","PLOS","journal.pone.0069297","23894445","SENT299","653509","SP-A","Gene","7080","TTF-1","Gene","SENT299","false","0.761","Therefore, with regard to the positive effect of leptin on #TTF-1#, we hypothesized that upregulation of #SP-A# expression induced by leptin is associated with TTF-1."
"262144","PLOS","journal.pone.0069297","23894445","SENT300","653509","SP-A","Gene","7080","TTF-1","Gene","SENT300","false","0.755","To test this hypothesis, two shRNAs targeting #TTF-1# were constructed for assessing the effects of TTFl on the leptin-induced gene expression of #SP-A#."
"262410","PLOS","journal.pone.0001370","18159253","SENT248","83666","BAL","Gene","653509","SP-A","Gene","SENT248","false","0.749","Our interpretation of these results was that another factor present in #BAL# may have enabled #SP-A# to bind to C. neoformans."
"264709","PLOS","journal.pone.0069297","23894445","SENT564","653509","SP-A","Gene","7080","TTF-1","Gene","SENT564","false","0.745","The transcriptional factor #TTF-1# is involved in leptin-induced lung maturity and #SP-A# expression, which may"
"270730","PLOS","journal.pone.0064441","23691218","SENT40","1755","DMBT1","Gene","653509","SP-A","Gene","SENT40","false","0.727","It seems therefore likely that #DMBT1# proteins also contribute to innate defense against bacteria and viruses in the gastrointestinal and respiratory tracts through direct interactions with microorganisms and / or through interactions with #SP-A# or SP-D."
"275179","PLOS","journal.pone.0059896","23536892","SENT278","653509","SP-A","Gene","7099","TLR4","Gene","SENT278","false","0.722","The role of #SP-A# in LPS — induced subcellular positioning of #TLR4# was subsequently analyzed after treatment of the cells with SP-A, or SP-A plus LPS (Fig."
"275877","PLOS","journal.pone.0059896","23536892","SENT370","653509","SP-A","Gene","7099","TLR4","Gene","SENT370","false","0.729","A enhances both basal and LPS-induced B — arrestin 2 / #TLR4# interaction in primary AM We next asked whether #SP-A# can modify TLR4 positioning by integrating B-arrestin 2 scaffolding or signaling interactions."
"286398","PLOS","journal.pone.0040775","22802970","SENT266","653509","SP-A","Gene","6441","SP-D","Gene","SENT266","false","0.723","However, because NS lacks #SP-D#, we additionally tested NS formulations spiked with amounts of SP-D that were in a physiological ratio to #SP-A# (~ lo: l (w/w) SP-A to SP-D)."
"286548","PLOS","journal.pone.0059896","23536892","SENT635","653509","SP-A","Gene","7099","TLR4","Gene","SENT635","false","0.718","However, it remains to be identiﬁed how B-arrestin 2-mediated distribution of #TLR4# after #SP-A# stimulation is regulated."
"302175","PLOS","journal.pone.0040775","22802970","SENT266","653509","SP-A","Gene","6441","SP-D","Gene","SENT266","false","0.702","However, because NS lacks #SP-D#, we additionally tested NS formulations spiked with amounts of SP-D that were in a physiological ratio to #SP-A# (~ lo: l (w/w) SP-A to SP-D)."
"305620","PLOS","journal.pone.0082680","24312669","SENT325","653509","SP-A","Gene","7100","TLR5","Gene","SENT325","false","0.702","Since IL-16 levels increased after ﬂagellin stimulation, independent of the #TLR5# signal transduction pathway, #SP-A# may be enhancing IL-16 expression through the inflammasome pathway; a conclusion supported by our current studies."
"309950","PLOS","journal.pone.0082680","24312669","SENT328","3603","IL-16","Gene","653509","SP-A","Gene","SENT328","false","0.7","Although TNF-q, IL-6 and #IL-16# are all pro-inﬂammatory cytokines they appear to be differentially regulated by #SP-A# in the lung following flagella stimulation."
"1508560","PMC","Front_Immunol_2012_Jun_7_3_131.nxml.txt.nlp","22701116","90","653509","SP-A","Gene","6441","SP-D","Gene","90","false","0.986","This has been shown for the mannose receptor on monocyte-derived macrophages , where both #SP-A# and #SP-D# have been shown to up-regulate its activity ( Beharka et al. , 2002 ; Kudo et al. , 2004 ) ."
"1511997","PMC","Front_Immunol_2012_Jun_7_3_131.nxml.txt.nlp","22701116","142","653509","SP-A","Gene","6441","SP-D","Gene","142","false","0.943","SP-D , but not #SP-A# , binds to Saccharomyces cerevisiae cells , and the ligand for #SP-D# was determined to be the yeast glucan , - ( 1 > 6 ) - glucan ( Allen et al. , 2001 ) ."
"1512722","PMC","Front_Immunol_2012_Jun_7_3_131.nxml.txt.nlp","22701116","96","653509","SP-A","Gene","6441","SP-D","Gene","96","true","0.937","Subsequently , another receptor called gp-340 was also found that binds #SP-A# and #SP-D# ( Holmskov et al. , 1997 ; Tino and Wright , 1999 ) ."
"1513426","PMC","Front_Immunol_2012_Jun_7_3_131.nxml.txt.nlp","22701116","112","653509","SP-A","Gene","6441","SP-D","Gene","112","false","0.932","Interaction of #SP-A# and #SP-D# with Viruses"
"1513762","PMC","Front_Immunol_2012_Jun_7_3_131.nxml.txt.nlp","22701116","285","653509","SP-A","Gene","6441","SP-D","Gene","285","false","0.93","The other possibility of this decrease might also be due to the increased utilization of #SP-A# and #SP-D# in phagocytosis during chronic infection ."
"1514713","PMC","Front_Immunol_2012_Jun_7_3_131.nxml.txt.nlp","22701116","142","653509","SP-A","Gene","6441","SP-D","Gene","142","false","0.924","SP-D , but not #SP-A# , binds to Saccharomyces cerevisiae cells , and the ligand for #SP-D# was determined to be the yeast glucan , - ( 1 > 6 ) - glucan ( Allen et al. , 2001 ) ."
"1515192","PMC","Front_Immunol_2012_Jun_7_3_131.nxml.txt.nlp","22701116","105","929","CD14","Gene","653509","SP-A","Gene","105","false","0.921","For example , #SP-A# binds to #CD14# on AMs , preventing the binding of smooth LPS to CD14 , and reducing TNF - production ( Sano et al. , 1999 ) ."
"1515482","PMC","Evid_Based_Complement_Alternat_Med_2012_Nov_1_2012_236539.nxml.txt.nlp","23227098","200","653509","SP-A","Gene","6441","SP-D","Gene","200","false","0.919","Stress could result in an increased expression of activated Akt , thus Akt activation may result in increased inhibition of NFAT and in turn lowered transcriptional activation of #SP-A# and #SP-D# [ 26 , 27 ] ."
"1518452","PMC","Front_Immunol_2012_Jun_7_3_131.nxml.txt.nlp","22701116","342","653509","SP-A","Gene","6441","SP-D","Gene","342","false","0.903","Thus , the 1:1 ratio of #SP-A# and #SP-D# during 26-34 weeks of gestation rises to a striking 6:1 ratio by end of term ( Miyamura et al. , 1994 ) ."
"1519906","PMC","Crit_Care_2011_Feb_10_15(1)_R57.nxml.txt.nlp","21310059","121","653509","SFTPA1","Gene","6441","SFTPD","Gene","121","false","0.895","Susceptibility to CAP related to haplotypes encompassing #SFTPA1# , SFTPA2 and #SFTPD#"
"1519923","PMC","Front_Immunol_2012_Jun_7_3_131.nxml.txt.nlp","22701116","38","653509","SP-A","Gene","6441","SP-D","Gene","38","false","0.895","Anti-Microbial Properties of #SP-A# and #SP-D#"
"1520731","PMC","Crit_Care_2005_Oct_5_9(6)_550-555.nxml.txt.nlp","16356236","85","653509","SP-A","Gene","6441","SP-D","Gene","85","false","0.891","On the other hand , because #SP-A# and #SP-D# play a role in the host response to viruses , binding of the SPs with these viruses with subsequent phagocytosis might also explain why low concentrations of SPs are found ."
"1520822","PMC","Tob_Induc_Dis_2004_Mar_15_2(1)_3-25.nxml.txt.nlp","19570267","131","653509","SP-A","Gene","6439","SP-B","Gene","131","false","0.89","Furthermore , potential interactions of #SP-A# with #SP-B# in formation of tubular myelin , the symmetrical phospholipid arrays intervening between the secreted lamellar bodies and the air-liquid monolayer has been demonstrated [ 67,68 ] , suggesting vital importance of these proteins to the surfactant ."
"1521976","PMC","Oncoimmunology_2012_Dec_1_1(9)_1495-1506.nxml.txt.nlp","23264896","168","140885","SIRP","Gene","653509","SP-A","Gene","168","false","0.885","The N-terminal region of SP-A has been shown to exert pro- inflammatory effects through its binding to calreticulin/CD91 .18 In the same study , the C-terminal region of #SP-A# was shown to block the production of pro- inflammatory mediators by binding to #SIRP# ."
"1523183","PMC","Front_Immunol_2012_Jun_7_3_131.nxml.txt.nlp","22701116","59","653509","SP-A","Gene","6441","SP-D","Gene","59","false","0.879","#SP-A# and #SP-D# can directly inhibit the growth of Gram-negative bacteria by increasing membrane permeability ( Wu et al. , 2003 ) ."
"1524188","PMC","Oncoimmunology_2012_Dec_1_1(9)_1495-1506.nxml.txt.nlp","23264896","168","140885","SIRP","Gene","653509","SP-A","Gene","168","false","0.874","The N-terminal region of #SP-A# has been shown to exert pro- inflammatory effects through its binding to calreticulin/CD91 .18 In the same study , the C-terminal region of SP-A was shown to block the production of pro- inflammatory mediators by binding to #SIRP# ."
"1524332","PMC","Crit_Care_2005_Oct_5_9(6)_550-555.nxml.txt.nlp","16356236","99","653509","SP-A","Gene","6441","SP-D","Gene","99","false","0.874","Similar to #SP-A# , allelic variants have been described for #SP-D# [ 47 ] ."
"1524913","PMC","Front_Immunol_2012_Jun_7_3_131.nxml.txt.nlp","22701116","216","653509","SP-A","Gene","6441","SP-D","Gene","216","false","0.871","A fine-tuned activity of #SP-A# and #SP-D# is vital for first line host defense and immune regulation within pulmonary and extrapulmonary sites ."
"1526078","PMC","Front_Immunol_2012_Jun_7_3_131.nxml.txt.nlp","22701116","113","653509","SP-A","Gene","6441","SP-D","Gene","113","false","0.866","Direct interaction of #SP-A# and #SP-D# with a number of viruses more often results in viral neutralization and enhanced phagocytosis ."
"1526254","PMC","Front_Immunol_2012_Jun_7_3_131.nxml.txt.nlp","22701116","401","653509","SP-A","Gene","6441","SP-D","Gene","401","false","0.866","The localization of the #SP-A# and #SP-D# in fetal membranes and uterine tissue ( Miyamura et al. , 1994 ) supports their role in active host defense mechanisms , including during intrauterine infections ."
"1526524","PMC","Viruses_2013_Mar_21_5(3)_928-953.nxml.txt.nlp","23518578","85","653509","SP-A","Gene","6441","SP-D","Gene","85","false","0.864","VACV-WR was pre-incubated with #SP-A# and #SP-D# proteins ( Figure 2A ) ."
"1528159","PMC","Front_Immunol_2012_Jun_7_3_131.nxml.txt.nlp","22701116","215","653509","SP-A","Gene","6441","SP-D","Gene","215","false","0.858","Association of #SP-A# and #SP-D# in Human Health and Diseases"
"1528765","PMC","Viruses_2013_Mar_21_5(3)_928-953.nxml.txt.nlp","23518578","81","653509","SP-A","Gene","6441","SP-D","Gene","81","false","0.856","AP-SP-A , human #SP-A# from alveolar proteinosis ; RhSP-A , recombinant human SP-A ; RhSP-D , recombinant human #SP-D# ."
"1528998","PMC","Front_Immunol_2012_Jun_7_3_131.nxml.txt.nlp","22701116","113","653509","SP-A","Gene","6441","SP-D","Gene","113","false","0.855","Direct interaction of #SP-A# and #SP-D# with a number of viruses more often results in viral neutralization and enhanced phagocytosis ."
"1529295","PMC","Front_Immunol_2012_Jun_7_3_131.nxml.txt.nlp","22701116","89","653509","SP-A","Gene","6441","SP-D","Gene","89","false","0.854","In addition to enhancing phagocytosis via opsonization , #SP-A# and #SP-D# can also directly stimulate phagocytosis , by the upregulation of cell surface phagocytic receptors in macrophages , without the need for microbial binding ."
"1529768","PMC","Oncoimmunology_2012_Dec_1_1(9)_1495-1506.nxml.txt.nlp","23264896","30","653509","SP-A","Gene","7099","TLR4","Gene","30","false","0.852","Using cutting edge computer-modeling and immunobiochemical approaches , we discovered that a 20 amino acids long peptide derived from the C-terminal region of #SP-A# , which we named SPA4 , interacts with #TLR4# and reduces the secretion of TNF by dendritic cells treated with LPS .13"
"1530593","PMC","Front_Immunol_2012_Jun_7_3_131.nxml.txt.nlp","22701116","112","653509","SP-A","Gene","6441","SP-D","Gene","112","false","0.849","Interaction of #SP-A# and #SP-D# with Viruses"
"1530671","PMC","Front_Immunol_2012_Jun_7_3_131.nxml.txt.nlp","22701116","43","653509","SP-A","Gene","6441","SP-D","Gene","43","false","0.849","#SP-A# and #SP-D# deal with various pathogens via a number of innate immune mechanisms that include agglutination/aggregation , enhanced phagocytosis , and superoxidative burst by phagocytes , chemotaxis , growth inhibition , and modulation of toll-like receptor ( TLR ) functions ( Kishore et al. , 2006 ) ."
"1531198","PMC","Front_Immunol_2012_Jun_7_3_131.nxml.txt.nlp","22701116","412","653509","SP-A","Gene","6441","SP-D","Gene","412","false","0.847","Clearly , #SP-A# and #SP-D# levels and SNPs in various forms of respiratory diseases are likely to find their translational applications ."
"1532375","PMC","Front_Immunol_2012_Jun_7_3_131.nxml.txt.nlp","22701116","86","653509","SP-A","Gene","6441","SP-D","Gene","86","false","0.843","These opposing effects of #SP-A# and SP-D on the uptake of M. tuberculosis suggest different roles for SP-A and #SP-D# in the clearance of bacterial infection ."
"1534266","PMC","Front_Immunol_2012_Jun_7_3_131.nxml.txt.nlp","22701116","86","653509","SP-A","Gene","6441","SP-D","Gene","86","false","0.837","These opposing effects of SP-A and SP-D on the uptake of M. tuberculosis suggest different roles for #SP-A# and #SP-D# in the clearance of bacterial infection ."
"1534415","PMC","Front_Immunol_2012_Jun_7_3_131.nxml.txt.nlp","22701116","86","653509","SP-A","Gene","6441","SP-D","Gene","86","false","0.836","These opposing effects of #SP-A# and SP-D on the uptake of M. tuberculosis suggest different roles for SP-A and #SP-D# in the clearance of bacterial infection ."
"1534505","PMC","Front_Immunol_2012_Jun_7_3_131.nxml.txt.nlp","22701116","126","653509","SP-A","Gene","6441","SP-D","Gene","126","false","0.836","Interaction of #SP-A# and #SP-D# with Primary and Opportunistic Fungal Pathogens"
"1534663","PMC","Front_Immunol_2012_Jun_7_3_131.nxml.txt.nlp","22701116","337","653509","SP-A","Gene","6441","SP-D","Gene","337","false","0.836","Both #SP-A# and #SP-D# have been reported to be present in the genital tract of the mare ( Kankavi , 2007 ) ."
"1535178","PMC","Front_Immunol_2012_Jun_7_3_131.nxml.txt.nlp","22701116","97","653509","SP-A","Gene","6441","SP-D","Gene","97","false","0.834","#SP-A# and #SP-D# also play important roles modulating reactive oxygen and nitrogen intermediates in the phagocytes during the killing of intracellular bacteria ."
"1535203","PMC","Front_Immunol_2012_Jun_7_3_131.nxml.txt.nlp","22701116","87","653509","SP-A","Gene","6441","SP-D","Gene","87","false","0.834","Thus , interaction of #SP-A# and #SP-D# with the pathogen can either enhance or suppress their interactions with phagocytes ."
"1535373","PMC","Front_Immunol_2012_Jun_7_3_131.nxml.txt.nlp","22701116","47","653509","SP-A","Gene","6441","SP-D","Gene","47","false","0.833","#SP-A# and #SP-D# can bind to Gram-negative and Gram-positive bacteria ."
"1535877","PMC","Front_Immunol_2012_Jun_7_3_131.nxml.txt.nlp","22701116","409","653509","SP-A","Gene","6441","SP-D","Gene","409","false","0.832","Studies involving gene knockout mice , murine models of lung hypersensitivity and infection , and functional characterization of cell surface receptors have revealed the diverse roles of #SP-A# and #SP-D# in the control of lung infection and inflammation ."
"1536907","PMC","Front_Immunol_2012_Jun_7_3_131.nxml.txt.nlp","22701116","203","653509","SP-A","Gene","6441","SP-D","Gene","203","false","0.829","The presence of #SP-A# and/or #SP-D# in the extrapulmonary environment , especially in organs and tissues , which are most exposed to pathogens , supports their roles as important proteins of the innate immune system even outside the lungs ."
"1538289","PMC","Front_Immunol_2012_Jun_7_3_131.nxml.txt.nlp","22701116","9","653509","SP-A","Gene","6441","SP-D","Gene","9","false","0.825","Surfactant proteins #SP-A# and #SP-D# are hydrophilic , collagen-containing calcium-dependent lectins , which appear to have a range of innate immune functions at pulmonary as well as extrapulmonary sites ."
"1539289","PMC","Evid_Based_Complement_Alternat_Med_2012_Nov_1_2012_236539.nxml.txt.nlp","23227098","205","653509","SP-A","Gene","6441","SP-D","Gene","205","false","0.822","In this study , we found that restraint stress obviously increased ICAM-1 mRNA expression and decreased #SP-A# , #SP-D# mRNA expression ."
"1542791","PMC","Front_Immunol_2012_Jun_7_3_131.nxml.txt.nlp","22701116","407","653509","SP-A","Gene","6441","SP-D","Gene","407","false","0.813","The association of the low levels of #SP-A# and #SP-D# and the consequent susceptibility of the fetal membranes to bacterial challenge demonstrate the importance of SP-A and SP-D in immunoregulation and primary host defense against pathogens during pregnancy ."
"1543955","PMC","Front_Immunol_2012_Jun_7_3_131.nxml.txt.nlp","22701116","141","1406","CRD","Gene","653509","SP-A","Gene","141","false","0.811","#SP-A# also binds to a 120 kDa surface glycoprotein of Pneumocystis jirovecii ( formally P. carinii ) ( Zimmerman et al. , 1992 ) via its #CRD# region ( McCormack et al. , 1997 ) ."
"1544845","PMC","Front_Immunol_2012_Jun_7_3_131.nxml.txt.nlp","22701116","341","653509","SP-A","Gene","6441","SP-D","Gene","341","false","0.808","However , by 40 weeks of gestation , the level of #SP-A# rises dramatically from 3 to 24 g/ml with a less pronounced rise of #SP-D# levels ."
"1547258","PMC","Viruses_2013_Mar_21_5(3)_928-953.nxml.txt.nlp","23518578","542","653509","SP-A","Gene","6441","SP-D","Gene","542","false","0.803","Surfactant proteins #SP-A# and #SP-D# : structure , function and receptors Mol ."
"1548694","PMC","Front_Immunol_2012_Jun_7_3_131.nxml.txt.nlp","22701116","410","653509","SP-A","Gene","6441","SP-D","Gene","410","false","0.8","Studies that demonstrate how a range of immune cells , cytokines/chemokines , and surface receptors are modulated by #SP-A# and #SP-D# in response to pathogens and allergens in a given microenvironment are crucial in understanding how these proteins link innate and adaptive immunity ."
"1549222","PMC","Front_Immunol_2012_Jun_7_3_131.nxml.txt.nlp","22701116","297","653509","SP-A","Gene","6441","SP-D","Gene","297","false","0.799","Consistent with the established surfactant-related functions of #SP-A# and #SP-D# in the lungs , it has been speculated that SP-A would also facilitate the adsorption of surface-active phospholipid to the articular surface , whereas and SP-D might regulate the phospholipid homeostasis within the joint ( Kankavi , 2006 ) ."
"1549279","PMC","Front_Immunol_2012_Jun_7_3_131.nxml.txt.nlp","22701116","33","653509","SP-A","Gene","6441","SP-D","Gene","33","false","0.798","In addition to anti-microbial activities , #SP-A# and #SP-D# also play an important role in the control of inflammation triggered by self , non-self and altered self cells and molecules ."
"1549678","PMC","Front_Immunol_2012_Jun_7_3_131.nxml.txt.nlp","22701116","23","653509","SP-A","Gene","6441","SP-D","Gene","23","false","0.798","#SP-A# and #SP-D# are large oligomeric structures , each assembled from multiple copies of either one or two polypeptide chains ."
"1549733","PMC","Front_Immunol_2012_Jun_7_3_131.nxml.txt.nlp","22701116","104","653509","SP-A","Gene","6441","SP-D","Gene","104","false","0.797","#SP-A# and #SP-D# can bind to PRRs and directly influence the inflammatory response ."
"1550563","PMC","Crit_Care_2005_Oct_5_9(6)_550-555.nxml.txt.nlp","16356236","78","653509","SP-A","Gene","6441","SP-D","Gene","78","false","0.796","#SP-A# and SP-D can induce a proinflammatory response to RSV and influenza virus , although in SP-A knockout mice a proinflammatory response has also been noted , and so the precise role played by SP-A and #SP-D# is unclear [ 40-43 ] ."
"1550626","PMC","Front_Immunol_2012_Jun_7_3_131.nxml.txt.nlp","22701116","232","653509","SP-A","Gene","6441","SP-D","Gene","232","false","0.796","Other conditions linking the levels of the #SP-A# and #SP-D# with pathology are smoking and radiotherapeutic pneumonitis ."
"1552347","PMC","Front_Immunol_2012_Jun_7_3_131.nxml.txt.nlp","22701116","9","653509","SP-A","Gene","6441","SP-D","Gene","9","false","0.792","Surfactant proteins #SP-A# and #SP-D# are hydrophilic , collagen-containing calcium-dependent lectins , which appear to have a range of innate immune functions at pulmonary as well as extrapulmonary sites ."
"1552607","PMC","Front_Immunol_2012_Jun_7_3_131.nxml.txt.nlp","22701116","152","653509","SP-A","Gene","6441","SP-D","Gene","152","false","0.792","Role of #SP-A# and #SP-D# in the Control of Lung Hypersensitivity and Inflammation"
"1553335","PMC","Crit_Care_2012_Nov_22_16(6)_238.nxml.txt.nlp","23171712","46","653509","SP-A","Gene","6441","SP-D","Gene","46","false","0.79","#SP-A# and #SP-D# are hydrophilic collectin proteins , which are involved in the innate immunity ."
"1553466","PMC","Front_Immunol_2012_Jun_7_3_131.nxml.txt.nlp","22701116","194","653509","SP-A","Gene","6441","SP-D","Gene","194","false","0.79","Several immunolocalization studies provide evidence of the expression of the #SP-A# and #SP-D# at extrapulmonary sites ."
"1555265","PMC","Viruses_2013_Mar_21_5(3)_928-953.nxml.txt.nlp","23518578","81","653509","SP-A","Gene","6441","SP-D","Gene","81","false","0.786","AP-SP-A , human SP-A from alveolar proteinosis ; RhSP-A , recombinant human #SP-A# ; RhSP-D , recombinant human #SP-D# ."
"1555432","PMC","Front_Immunol_2012_Jun_7_3_131.nxml.txt.nlp","22701116","17","653509","SP-A","Gene","6441","SP-D","Gene","17","false","0.786","Surfactant proteins , #SP-A# and #SP-D# , are collagen-containing C-type ( calcium - dependent ) lectins called collectins , which were originally identified as surfactant-associated proteins involved in pulmonary surfactant homeostasis ( Weaver and Whitsett , 1991 ) ."
"1556342","PMC","Front_Immunol_2012_Jun_7_3_131.nxml.txt.nlp","22701116","398","653509","SP-A","Gene","6441","SP-D","Gene","398","false","0.784","#SP-A# and #SP-D# are also involved in dealing with intrauterine infections ."
"1556809","PMC","Front_Immunol_2012_Jun_7_3_131.nxml.txt.nlp","22701116","111","929","CD14","Gene","653509","SP-A","Gene","111","false","0.784","#SP-A# is thought to interact with #CD14# via its neck region , but binds with rough LPS via the CRD domain , possibly resulting in a trimolecular complex ( Sano et al. , 1999 ) ."
"1557425","PMC","Front_Immunol_2012_Jun_7_3_131.nxml.txt.nlp","22701116","42","653509","SP-A","Gene","6441","SP-D","Gene","42","false","0.782","#SP-A# and #SP-D# bind and/or agglutinate a wide range of microbes that enhance their attachment to phagocytic cells and can lead to killing and enhanced clearance ."
"1557872","PMC","Front_Immunol_2012_Jun_7_3_131.nxml.txt.nlp","22701116","12","653509","SP-A","Gene","6441","SP-D","Gene","12","false","0.782","#SP-A# and #SP-D# have also been shown to be involved in the control of pulmonary inflammation including allergy and asthma ."
"1559097","PMC","Tob_Induc_Dis_2004_Mar_15_2(1)_3-25.nxml.txt.nlp","19570267","341","653509","SP-A","Gene","6441","SP-D","Gene","341","false","0.779","4 and 5 : Reduced levels of #SP-A# and #SP-D# may affect hypophase processing directly or indirectly or alter SP-D regulation of DPPC synthesis ."
"1559323","PMC","Genome_Med_2010_Dec_16_2(12)_88.nxml.txt.nlp","21167082","158","653509","SP-A","Gene","6441","SP-D","Gene","158","false","0.779","pone .000336718846238 BaiY GaletskiyDDamocEPaschenCLiuZGrieseMLiuSPrzybylskMHigh resolution mass spectrometric alveolar proteomics : identification of surfactant protein #SP-A# and #SP-D# modifications in proteinosis and cystic fibrosis patients ."
"1560731","PMC","Crit_Care_2005_Oct_5_9(6)_550-555.nxml.txt.nlp","16356236","95","653509","SP-A","Gene","6441","SP-D","Gene","95","false","0.777","The genes encoding #SP-A# and #SP-D# contain several single polymorphic sites that result in amino acid substitution ."
"1562590","PMC","Front_Immunol_2012_Jun_7_3_131.nxml.txt.nlp","22701116","350","653509","SP-A","Gene","6441","SP-D","Gene","350","false","0.773","Role of #SP-A# and #SP-D# in Parturition"
"1564073","PMC","Front_Immunol_2012_Jun_7_3_131.nxml.txt.nlp","22701116","159","653509","SP-A","Gene","6441","SP-D","Gene","159","false","0.771","In view of the ability of #SP-A# and SP-D to inhibit IgE-mediated histamine release by basophils , a number of allergic murine models have been used to examine in vivo effects of SP-A and #SP-D# following allergenic challenge ."
"1564779","PMC","Front_Immunol_2012_Jun_7_3_131.nxml.txt.nlp","22701116","238","653509","SP-A","Gene","6441","SP-D","Gene","238","false","0.77","In cystic fibrosis ( CF ) , the BAL levels of #SP-A# and #SP-D# vary according to the organ involved and severity of infection ."
"1565115","PMC","Front_Immunol_2012_Jun_7_3_131.nxml.txt.nlp","22701116","127","653509","SP-A","Gene","6441","SP-D","Gene","127","false","0.769","#SP-A# and #SP-D# have been shown to bind to a variety of fungi , mostly opportunistic fungal pathogens , resulting in direct inhibition of growth and enhancement phagocytosis ."
"1567421","PMC","Front_Immunol_2012_Jun_7_3_131.nxml.txt.nlp","22701116","297","653509","SP-A","Gene","6441","SP-D","Gene","297","false","0.765","Consistent with the established surfactant-related functions of #SP-A# and #SP-D# in the lungs , it has been speculated that SP-A would also facilitate the adsorption of surface-active phospholipid to the articular surface , whereas and SP-D might regulate the phospholipid homeostasis within the joint ( Kankavi , 2006 ) ."
"1568035","PMC","Front_Immunol_2012_Jun_7_3_131.nxml.txt.nlp","22701116","240","653509","SP-A","Gene","6441","SP-D","Gene","240","false","0.765","However , during bacterial infections , especially Pseudomonas aeruginosa , the #SP-A# and #SP-D# levels in the BALF decrease dramatically ( Noah et al. , 2003 ) ."
"1569409","PMC","Front_Immunol_2012_Jun_7_3_131.nxml.txt.nlp","22701116","28","653509","SP-A","Gene","6441","SP-D","Gene","28","false","0.762","Illustration of a molecule of ( A ) #SP-A# and ( B ) #SP-D# depicting different regions ."
"1569548","PMC","Front_Immunol_2012_Jun_7_3_131.nxml.txt.nlp","22701116","343","653509","SP-A","Gene","6441","SP-D","Gene","343","false","0.762","Role of #SP-A# and #SP-D# in Maintenance of Pregnancy"
"1569569","PMC","Tob_Induc_Dis_2004_Mar_15_2(1)_3-25.nxml.txt.nlp","19570267","129","653509","SP-A","Gene","6441","SP-D","Gene","129","false","0.762","The function of #SP-A# is still under debate and in fact it probably performs multiple functions , one being to act , along with #SP-D# , as broad spectrum alveolar opsonins [ 63 ] ."
"1571770","PMC","Crit_Care_2011_Feb_10_15(1)_R57.nxml.txt.nlp","21310059","36","653509","SFTPA1","Gene","6441","SFTPD","Gene","36","false","0.759","The human SP-A locus consists of two similar genes , #SFTPA1# and SFTPA2 , located on chromosome 10q21-24 , within a cluster that includes the SP-D gene ( #SFTPD# ) [ 11 ] ."
"1571786","PMC","Front_Immunol_2012_Jun_7_3_131.nxml.txt.nlp","22701116","341","653509","SP-A","Gene","6441","SP-D","Gene","341","false","0.759","However , by 40 weeks of gestation , the level of #SP-A# rises dramatically from 3 to 24 g/ml with a less pronounced rise of #SP-D# levels ."
"1572390","PMC","Front_Immunol_2012_Jun_7_3_131.nxml.txt.nlp","22701116","331","653509","SP-A","Gene","6441","SP-D","Gene","331","false","0.758","The ubiquitous roles of #SP-A# and #SP-D# are extended to the human reproductive system ."
"1572741","PMC","J_Biol_Chem_2010_Apr_2_285(14)_10546-10552.nxml.txt.nlp","20118239","251","5648","MASP","Gene","653509","SP-A","Gene","251","false","0.757","However , #SP-A# must also be flexible to bind to the #MASP# multivalently , which would seem to be at odds with this possibility ."
"1572906","PMC","Front_Immunol_2012_Jun_7_3_131.nxml.txt.nlp","22701116","185","653509","SP-A","Gene","6441","SP-D","Gene","185","false","0.757","Clearance of Apoptotic Cells by #SP-A# and #SP-D#"
"1574857","PMC","Crit_Care_2005_Oct_5_9(6)_550-555.nxml.txt.nlp","16356236","78","653509","SP-A","Gene","6441","SP-D","Gene","78","false","0.755","#SP-A# and SP-D can induce a proinflammatory response to RSV and influenza virus , although in SP-A knockout mice a proinflammatory response has also been noted , and so the precise role played by SP-A and #SP-D# is unclear [ 40-43 ] ."
"1575045","PMC","Br_J_Cancer_2011_Aug_23_105(5)_673-681.nxml.txt.nlp","21811254","240","653509","SP-A","Gene","6439","SP-B","Gene","240","false","0.754","No expression of either #SP-A# or #SP-B# was observed ( data only shown for SP-A ; B ) ."
"1575473","PMC","Proteome_Sci_2010_Jun_17_8_34.nxml.txt.nlp","20565803","236","27042","DEF","Gene","653509","SP-A","Gene","236","false","0.754","Together , the observations made and the hypotheses stated earlier indicate that in the absence of #SP-A# there is a loss of regulatory control to appropriately modulate expression of #DEF# proteins in response to infection ."
"1575644","PMC","Crit_Care_2005_Oct_5_9(6)_550-555.nxml.txt.nlp","16356236","21","653509","SP-A","Gene","6441","SP-D","Gene","21","false","0.753","A novel function of surfactant came from the emerging evidence that two surfactant proteins ( SPs ) , namely #SP-A# and #SP-D# , are involved in the host immune response to various micro-organisms , including viruses [ 13 ] ."
"1575757","PMC","Front_Immunol_2012_Jun_7_3_131.nxml.txt.nlp","22701116","52","653509","SP-A","Gene","6441","SP-D","Gene","52","false","0.753","#SP-A# and #SP-D# can also bind to rough serotypes of LPS , via contrasting mechanisms ."
"1576721","PMC","Tob_Induc_Dis_2004_Mar_15_2(1)_3-25.nxml.txt.nlp","19570267","265","653509","SP-A","Gene","6439","SP-B","Gene","265","false","0.752","In an animal model , smoke exposure dramatically reduced the levels of both #SP-A# and #SP-B# in bronchoalveolar lavage but neither tissue protein nor lung RNA levels were altered [ 175 ] ."
"1577021","PMC","Front_Immunol_2012_Jun_7_3_131.nxml.txt.nlp","22701116","86","653509","SP-A","Gene","6441","SP-D","Gene","86","false","0.752","These opposing effects of #SP-A# and #SP-D# on the uptake of M. tuberculosis suggest different roles for SP-A and SP-D in the clearance of bacterial infection ."
"1577892","PMC","Front_Immunol_2012_Jun_7_3_131.nxml.txt.nlp","22701116","296","653509","SP-A","Gene","6441","SP-D","Gene","296","false","0.75","#SP-A# and #SP-D# have been detected in the synovial fluid as part of the lubricating surfactant ( Kankavi , 2006 ) ."
"1578041","PMC","Front_Immunol_2012_Jun_7_3_131.nxml.txt.nlp","22701116","52","653509","SP-A","Gene","6441","SP-D","Gene","52","false","0.75","#SP-A# and #SP-D# can also bind to rough serotypes of LPS , via contrasting mechanisms ."
"1578171","PMC","Front_Immunol_2012_Jun_7_3_131.nxml.txt.nlp","22701116","39","653509","SP-A","Gene","6441","SP-D","Gene","39","false","0.75","#SP-A# and #SP-D# play a central role in the protection of the lungs against respiratory infection ."
"1579895","PMC","Front_Immunol_2012_Jun_7_3_131.nxml.txt.nlp","22701116","350","653509","SP-A","Gene","6441","SP-D","Gene","350","false","0.748","Role of #SP-A# and #SP-D# in Parturition"
"1581948","PMC","Front_Immunol_2012_Jun_7_3_131.nxml.txt.nlp","22701116","251","653509","SP-A","Gene","6441","SP-D","Gene","251","false","0.745","Thus monitoring of the #SP-A# and #SP-D# levels can potentially be good biomarkers to ascertain side effects of radiation ."
"1582019","PMC","Crit_Care_2011_Feb_10_15(1)_R57.nxml.txt.nlp","21310059","250","653509","SP-A1","Gene","729238","SP-A2","Gene","250","false","0.745","In fact , it was recently shown that both #SP-A1# and #SP-A2# are necessary for the formation of pulmonar tubular myelin [ 55 ] ."
"1583808","PMC","Front_Immunol_2012_Jun_7_3_131.nxml.txt.nlp","22701116","35","653509","SP-A","Gene","6441","SP-D","Gene","35","false","0.743","The major immune-related functions of #SP-A# and #SP-D# are being reviewed here ."
"1586100","PMC","Front_Immunol_2012_Jun_7_3_131.nxml.txt.nlp","22701116","333","653509","SP-A","Gene","6441","SP-D","Gene","333","false","0.74","The localization of #SP-A# and #SP-D# in the female reproductive tract suggests the role of these proteins in the process of reproduction ."
"1587763","PMC","Viruses_2013_Mar_21_5(3)_928-953.nxml.txt.nlp","23518578","240","653509","SP-A","Gene","6441","SP-D","Gene","240","false","0.738","Collectins or C-type lectins are composed of polypeptides including mannan-binding lectin , bovine conglutinin and two surfactant proteins : #SP-A# and #SP-D# ."
"1588361","PMC","Front_Immunol_2012_Jun_7_3_131.nxml.txt.nlp","22701116","201","653509","SP-A","Gene","6441","SP-D","Gene","201","false","0.737","Both #SP-A# and #SP-D# have been immunohistochemically localized in the fetal membranes ( amniotic epithelium and chorionic membrane ) and the choriodecidual layer of the late pregnant uterus ( Miyamura et al. , 1994 ) ."
"1589757","PMC","Crit_Care_2005_Oct_5_9(6)_550-555.nxml.txt.nlp","16356236","32","653509","SP-A","Gene","6441","SP-D","Gene","32","false","0.735","#SP-A# and #SP-D# have a calcium - dependent lectin domain ( the so-called carbohydrate recognition domain ) , which is usually the binding site for micro-organisms ."
"1591648","PMC","Front_Immunol_2012_Jun_7_3_131.nxml.txt.nlp","22701116","164","653509","SP-A","Gene","6441","SP-D","Gene","164","false","0.733","This Th2 polarization was reversible by treating SP-A / or SP-D / mice with exogenous intranasal #SP-A# or #SP-D# delivery , respectively ."
"1593639","PMC","J_Biol_Chem_2010_Apr_2_285(14)_10546-10552.nxml.txt.nlp","20118239","167","50639","MBL","Gene","653509","SP-A","Gene","167","false","0.731","Although structurally analogous to MBL , the collagenous domains of #SP-A# and #MBL# are of different lengths and share no apparent sequence identity ( other than the repeating Gly - Xaa-Yaa motif characteristic of all collagens ) ( Fig. 4 ) ."
"1596416","PMC","Crit_Care_2005_Oct_5_9(6)_550-555.nxml.txt.nlp","16356236","70","653509","SP-A","Gene","6441","SP-D","Gene","70","false","0.727","Various in vitro and animal studies have shown that #SP-A# and #SP-D# bind to respiratory viruses such as RSV , influenza virus , cytomegalovirus and herpes simplex virus type 1 to function as opsonins or to mediate viral aggregation [ 30-37 ] ."
"1597463","PMC","Front_Immunol_2012_Jun_7_3_131.nxml.txt.nlp","22701116","381","653509","SP-A","Gene","6441","SP-D","Gene","381","false","0.726","The human fetal lung expresses #SP-A# and #SP-D# and the production of SP-D has been detected in bronchiolar and terminal epithelium at 16-21 weeks of gestation by hybridization and immunohistochemical analysis ( Dulkerian et al. , 1996 ; Mori et al. , 2002 ) ."
"1599191","PMC","Crit_Care_2005_Oct_5_9(6)_550-555.nxml.txt.nlp","16356236","108","653509","SP-A","Gene","6441","SP-D","Gene","108","false","0.724","These studies have also demonstrated lower concentrations of #SP-A# and #SP-D# in these children ."
"1600860","PMC","Gene_Ther_2010_Apr_7_17(4)_541-549.nxml.txt.nlp","20054353","239","653509","SP-A","Gene","6441","SP-D","Gene","239","false","0.722","PromoterPromoter Fragment1Reference #SP-A# 1000 to +38 37 SP-B 730 to +39 38 SP-C 318 to +18 17 #SP-D# 1675 to +864 39 Keratin 8 1762 to +18 40 1"
"1601643","PMC","Crit_Care_2011_Feb_10_15(1)_R57.nxml.txt.nlp","21310059","110","653509","SFTPA1","Gene","6441","SFTPD","Gene","110","false","0.722","Linkage disequilibrium of #SFTPA1# , SFTPA2 and #SFTPD# genes"
"1602125","PMC","Front_Immunol_2012_Jun_7_3_131.nxml.txt.nlp","22701116","255","653509","SP-A","Gene","6441","SP-D","Gene","255","false","0.721","During episodes of chronic rhinosinusitis , the levels of both #SP-A# and #SP-D# have been reported to be upregulated ."
"1602276","PMC","Front_Immunol_2012_Jun_7_3_131.nxml.txt.nlp","22701116","42","653509","SP-A","Gene","6441","SP-D","Gene","42","false","0.721","#SP-A# and #SP-D# bind and/or agglutinate a wide range of microbes that enhance their attachment to phagocytic cells and can lead to killing and enhanced clearance ."
"1602404","PMC","Front_Immunol_2012_Jun_7_3_131.nxml.txt.nlp","22701116","213","653509","SP-A","Gene","6441","SP-D","Gene","213","false","0.721","#SP-A# and #SP-D# are also found in Eustachian tube epithelium ( Paananen et al. , 2001 ) ."
"1602576","PMC","Front_Immunol_2012_Jun_7_3_131.nxml.txt.nlp","22701116","156","653509","SP-A","Gene","6441","SP-D","Gene","156","false","0.721","Consistent with binding of #SP-A# , SP-D , and rhSP-D binding to mite allergens and competitive inhibition of IgE-allergen interaction , #SP-D# reduces the proliferation of peripheral blood mononuclear cells ( PBMC ) isolated from mite-sensitive asthmatic children ( Wang et al. , 1998 ) ."
"1604237","PMC","Front_Immunol_2012_Jun_7_3_131.nxml.txt.nlp","22701116","214","653509","SP-A","Gene","6441","SP-D","Gene","214","false","0.719","Thus , the potential roles of #SP-A# and #SP-D# in mucosal immunity are likely to be an emerging area of research ."
"1604681","PMC","Crit_Care_2005_Oct_5_9(6)_550-555.nxml.txt.nlp","16356236","100","653509","SP-A","Gene","6441","SP-D","Gene","100","false","0.718","These polymorphisms in the #SP-A# and #SP-D# genes may contribute to disease severity ."
"1604889","PMC","Viruses_2013_Mar_21_5(3)_928-953.nxml.txt.nlp","23518578","301","653509","SP-A","Gene","6441","SP-D","Gene","301","false","0.718","Rabbit anti-surfactant antibodies raised against #SP-A# and #SP-D# proteins were purchased from Millipore ( AB3420 and AB3434 , respectively ) ."
"1606985","PMC","Front_Immunol_2012_Jun_7_3_131.nxml.txt.nlp","22701116","11","653509","SP-A","Gene","6441","SP-D","Gene","11","false","0.716","#SP-A# and #SP-D# deal with various pathogens , using a range of innate immune mechanisms such as agglutination/aggregation , enhancement of phagocytosis , and killing mechanisms by phagocytic cells and direct growth inhibition ."
"1607138","PMC","Front_Immunol_2012_Jun_7_3_131.nxml.txt.nlp","22701116","342","653509","SP-A","Gene","6441","SP-D","Gene","342","false","0.716","Thus , the 1:1 ratio of #SP-A# and #SP-D# during 26-34 weeks of gestation rises to a striking 6:1 ratio by end of term ( Miyamura et al. , 1994 ) ."
"1608394","PMC","J_Biol_Chem_2010_Apr_2_285(14)_10546-10552.nxml.txt.nlp","20118239","172","50639","MBL","Gene","653509","SP-A","Gene","172","false","0.715","Sequences of the collagenous domains of MBL ( top ) and SP-A ( bottom ) Sequences were crudely aligned based on the positions of the kink of #SP-A# and the kink-like region of #MBL# ( boxed ) ."
"1609522","PMC","Front_Immunol_2012_Jun_7_3_131.nxml.txt.nlp","22701116","159","653509","SP-A","Gene","6441","SP-D","Gene","159","false","0.713","In view of the ability of #SP-A# and #SP-D# to inhibit IgE-mediated histamine release by basophils , a number of allergic murine models have been used to examine in vivo effects of SP-A and SP-D following allergenic challenge ."
"1610316","PMC","Proteome_Sci_2010_Jun_17_8_34.nxml.txt.nlp","20565803","324","27042","DEF","Gene","653509","SP-A","Gene","324","false","0.713","We speculate that #SP-A# functions indirectly as a regulator of lung host defense function , possibly via the alveolar macrophage , resulting in lower baseline levels of many #DEF# proteins in SP-A - / - mice ."
"1611057","PMC","Clin_Exp_Otorhinolaryngol_2010_Mar_30_3(1)_13-17.nxml.txt.nlp","20379396","93","653509","SP-A","Gene","6441","SP-D","Gene","93","false","0.712","#SP-A# and #SP-D# opsonize , aggregate and enhance phagocytosis of microbes by the resident macrophages ( 22-24 ) , and they may also directly kill bacteria by permeabilizing their bacterial membranes ( 25 ) ."
"1611362","PMC","Front_Immunol_2012_Jun_7_3_131.nxml.txt.nlp","22701116","407","653509","SP-A","Gene","6441","SP-D","Gene","407","false","0.712","The association of the low levels of #SP-A# and SP-D and the consequent susceptibility of the fetal membranes to bacterial challenge demonstrate the importance of SP-A and #SP-D# in immunoregulation and primary host defense against pathogens during pregnancy ."
"1612302","PMC","Br_J_Cancer_2011_Aug_23_105(5)_673-681.nxml.txt.nlp","21811254","139","653509","SP-A","Gene","6439","SP-B","Gene","139","false","0.711","As depicted in Figure 4 , a pleura carcinosis from a pulmonary adenocarcinoma was negative for both #SP-A# and #SP-B# ."
"1613042","PMC","Front_Immunol_2012_Jun_7_3_131.nxml.txt.nlp","22701116","150","653509","SP-A","Gene","6441","SP-D","Gene","150","false","0.71","Recently , the roles of #SP-A# and #SP-D# have also been examined in Coccidioides infection ."
"1613145","PMC","Br_J_Cancer_2011_Aug_23_105(5)_673-681.nxml.txt.nlp","21811254","227","653509","SP-A","Gene","6439","SP-B","Gene","227","false","0.71","The surfactant proteins #SP-A# and #SP-B# were found to be expressed in 92 ( 55 % ) and 88 ( 52.6 % ) of 167 samples , respectively ."
"1613497","PMC","Crit_Care_2011_Feb_10_15(1)_R57.nxml.txt.nlp","21310059","301","653509","SFTPA1","Gene","6441","SFTPD","Gene","301","false","0.71","Table E4 compares haplotypes of #SFTPA1# , SFTPA2 and #SFTPD# between patients with pneumococcal CAP and controls ."
"1618154","PMC","Evid_Based_Complement_Alternat_Med_2012_Nov_1_2012_236539.nxml.txt.nlp","23227098","141","653509","SP-A","Gene","6441","SP-D","Gene","141","false","0.705","In addition , #SP-A# , #SP-D# , ICAM-1 , and IFITM3 , which were known to be crucial in host defense and affect virus replication and clearance capability in lung , were also examined ."
"1618917","PMC","Crit_Care_2011_Feb_10_15(1)_R57.nxml.txt.nlp","21310059","247","653509","SP-A1","Gene","729238","SP-A2","Gene","247","false","0.704","Native SP-A is thought to consist of hetero-oligomers of SP-A1 and SP-A2 , and properties of co-expressed SP-A1 / SP-A2 are between those of #SP-A1# and #SP-A2# [ 41,46 ] ."
"1622755","PMC","Front_Immunol_2012_Jun_7_3_131.nxml.txt.nlp","22701116","416","653509","SP-A","Gene","6441","SP-D","Gene","416","false","0.701","Identifying extrapulmonary functions of #SP-A# and #SP-D# at mucosal surfaces remain an attractive area of research ."
"2823590","PMC","Eur_J_Med_Res_2009_Dec_7_14(Suppl_4)_38-41.nxml.txt.nlp","20156722","SENT58","653509","SP-A","Gene","PA449855","heparin","Drug","SENT58","false","0.939","Interestingly, treatment with low molecular weight #heparin# (LMWH) was associated with an increased level of lung #SP-A# in rabbit model of pulmonary embolism [12]."
"2854775","PMC","Tob_Induc_Dis_2004_Mar_15_2(1)_3-25.nxml.txt.nlp","19570267","SENT299","653509","SP-A","Gene","PA165958382","methacholine","Drug","SENT299","false","0.839","In rat pups from smoke-exposed mothers and following postnatal sidestream exposure changes in dynamic compliance, reactivity to #methacholine# [225], and biochemical changes in total lavage phospholipids and decreased lavage #SP-A# levels were detected [226]."
"2863406","PMC","Crit_Care_2012_Nov_22_16(6)_238.nxml.txt.nlp","23171712","SENT218","653509","SP-A","Gene","PA161660841","ebselen","Drug","SENT218","false","0.804","#SP-A# and SP-D have antioxidant activity [64] and augmentation of these proteins or other endogenous antioxidants such as superoxide dismutase, vitamin E, melatonin and #ebselen# may moderate oxidative breakdown of exogenous surfactant in those with high levels of surfactant oxidation [65]."
"2880882","PMC","Front_Immunol_2012_Jun_7_3_131.nxml.txt.nlp","22701116","SENT178","653509","SP-A","Gene","PA449261","dextran","Drug","SENT178","false","0.722","Stimulation of immature DCs by #SP-A# also inhibits the allostimulation of T cells, enhances #dextran# endocytosis, and alters DCs chemotaxis toward RANTES (Brinker et al., 2003)."
"2959088","PMC","Int_J_Nanomedicine_2012_May_7_7_2315-2324.nxml.txt.nlp","22661888","SENT235","653509","SP-A","Gene","MESH:D008175","lung cancer","Disease","SENT235","false","0.845","#SP-A# protein can not be expressed in SPC-A-1 #lung cancer# cells (F), HepG2 (G) and HCT-8 cells (H)."
"2968272","PMC","Int_J_Nanomedicine_2012_May_7_7_2315-2324.nxml.txt.nlp","22661888","SENT145","653509","SP-A","Gene","MESH:D008175","lung cancer","Disease","SENT145","false","0.808","Therefore, the results prove that Lunx and #SP-A# protein might be lung tissue - specific proteins and important markers of #lung cancer# cells."
"2976070","PMC","Int_J_Nanomedicine_2012_May_7_7_2315-2324.nxml.txt.nlp","22661888","SENT234","653509","SP-A","Gene","MESH:D008175","lung cancer","Disease","SENT234","false","0.777","#SP-A# protein can be expressed only in A549 #lung cancer# cells (E)."
"2985947","PMC","Eur_J_Med_Res_2009_Dec_7_14(Suppl_4)_38-41.nxml.txt.nlp","20156722","SENT57","653509","SP-A","Gene","MESH:D005355","fibrosis","Disease","SENT57","false","0.738","Reduced #SP-A# expression in lungs after embolism might be caused by the limited number of SP-A producing type II cells and/or by a reduced SP-A expression of the remaining - uninjured cells - similarly to the lung #fibrosis# [11]."